label,auc
Atelectasis,0.807972798578012
Cardiomegaly,0.8941761297736419
Consolidation,0.8010879632738195
Edema,0.8889803568404686
Effusion,0.8775330440017015
Emphysema,0.9168381825552749
Fibrosis,0.8179293795938823
Hernia,0.8876791482972539
Infiltration,0.70446086878915
Mass,0.8287977265150225
Nodule,0.7611848985256415
Pleural_Thickening,0.7799525034931103
Pneumonia,0.7614770562950782
Pneumothorax,0.8667507456671113
