{
    "auc": {
        "Atelectasis": 0.807972798578012,
        "Cardiomegaly": 0.8941761297736419,
        "Consolidation": 0.8010879632738195,
        "Edema": 0.8889803568404686,
        "Effusion": 0.8775330440017015,
        "Emphysema": 0.9168381825552749,
        "Fibrosis": 0.8179293795938823,
        "Hernia": 0.8876791482972539,
        "Infiltration": 0.70446086878915,
        "Mass": 0.8287977265150225,
        "Nodule": 0.7611848985256415,
        "Pleural_Thickening": 0.7799525034931103,
        "Pneumonia": 0.7614770562950782,
        "Pneumothorax": 0.8667507456671113,
        "mean": 0.8282014858713691
    },
    "f1": {
        "Atelectasis": 0.2447705276303465,
        "Cardiomegaly": 0.271604938271605,
        "Consolidation": 0.004158004158004158,
        "Edema": 0.0709812108559499,
        "Effusion": 0.47989789406509253,
        "Emphysema": 0.29914529914529914,
        "Fibrosis": 0.016260162601626018,
        "Hernia": 0.0,
        "Infiltration": 0.1614802354920101,
        "Mass": 0.27992633517495397,
        "Nodule": 0.10554442217768872,
        "Pleural_Thickening": 0.013315579227696406,
        "Pneumonia": 0.0,
        "Pneumothorax": 0.2685003274394237,
        "mean": 0.15825606687426402,
        "globale": 0.22144163736545924
    },
    "recall": {
        "Atelectasis": 0.16178291374329343,
        "Cardiomegaly": 0.18900343642611683,
        "Consolidation": 0.0020898641588296763,
        "Edema": 0.04116222760290557,
        "Effusion": 0.409288824383164,
        "Emphysema": 0.206286836935167,
        "Fibrosis": 0.008287292817679558,
        "Hernia": 0.0,
        "Infiltration": 0.0973630831643002,
        "Mass": 0.20017559262510976,
        "Nodule": 0.059087509349289455,
        "Pleural_Thickening": 0.006811989100817439,
        "Pneumonia": 0.0,
        "Pneumothorax": 0.18824609733700642,
        "globale": 0.1606333474345803
    },
    "MMC": {
        "Atelectasis": 0.24125779780000534,
        "Cardiomegaly": 0.2909944098657651,
        "Consolidation": 0.026401317869164973,
        "Edema": 0.09664292956573804,
        "Effusion": 0.4290261040660261,
        "Emphysema": 0.3261449024772681,
        "Fibrosis": 0.057829594932642364,
        "Hernia": 0.0,
        "Infiltration": 0.15125027639154634,
        "Mass": 0.2821666692497892,
        "Nodule": 0.1554291012288742,
        "Pleural_Thickening": 0.04046384206716407,
        "Pneumonia": 0.0,
        "Pneumothorax": 0.2754445852182834,
        "mean": 0.16950368076659053
    },
    "precision": {
        "Atelectasis": 0.5025641025641026,
        "Cardiomegaly": 0.4824561403508772,
        "Consolidation": 0.4,
        "Edema": 0.25757575757575757,
        "Effusion": 0.579948586118252,
        "Emphysema": 0.5440414507772021,
        "Fibrosis": 0.42857142857142855,
        "Hernia": 0.0,
        "Infiltration": 0.4729064039408867,
        "Mass": 0.46530612244897956,
        "Nodule": 0.49375,
        "Pleural_Thickening": 0.29411764705882354,
        "Pneumonia": 0.0,
        "Pneumothorax": 0.4680365296803653,
        "globale": 0.47131949932806627
    },
    "accuracy": 11828,
    "gmean": {
        "Atelectasis": 0.39830377066591,
        "Cardiomegaly": 0.4335698076216097,
        "Consolidation": 0.04571183899162817,
        "Edema": 0.2026589039871645,
        "Effusion": 0.6263345147944116,
        "Emphysema": 0.45327566578965867,
        "Fibrosis": 0.09102631973399691,
        "Hernia": 0.0,
        "Infiltration": 0.30839785173077444,
        "Mass": 0.44464890089667974,
        "Nodule": 0.2426121132859007,
        "Pleural_Thickening": 0.08251195021712877,
        "Pneumonia": 0.0,
        "Pneumothorax": 0.4314986958022965
    }
}