label,auc
Atelectasis,0.8079860193716596
Cardiomegaly,0.9008135936593998
Effusion,0.8781915747744065
Infiltration,0.7062928198522075
Mass,0.8169008808740017
Nodule,0.7655546365810291
Pneumonia,0.7655533930733497
Pneumothorax,0.857886655845631
Consolidation,0.7980356142980339
Edema,0.8917480366736822
Emphysema,0.9095009496997845
Fibrosis,0.8209672275636813
Pleural_Thickening,0.777868911951517
Hernia,0.9000852808632719
