label,auc
Atelectasis,0.7864704461636289
Cardiomegaly,0.8508349897407322
Effusion,0.86905111343554
Infiltration,0.6846859878419019
Mass,0.7542777922496975
Nodule,0.7090424895246831
Pneumonia,0.7241430152402957
Pneumothorax,0.8439728138685478
Consolidation,0.7913858983408952
Edema,0.8773491740944288
Emphysema,0.8662538546269325
Fibrosis,0.7768714027131426
Pleural_Thickening,0.7387807961617036
Hernia,0.8029299612301711
